советский союз,283017, ussr
герои советского союза,112240, hero ussr
советский союз годы,19094 ,ussr years
бывший советский союз,13261, previuos ussr
фильмы советского союза,12976, films ussr
войны советского союза,12147, soldiers ussr
имена советского союза,9880, names ussr
маршалы советского союза,9474, generals ussr
служу советскому союзу,9023, on duty ussr
служил советскому союзу,9023, was on duty ussr
республики советского союза,8558, republics of ussr
дважды герой советского союза,8488, two times hero ussr
летчики советского союза,8125, pilot ussr
великий советский союз,8070, great ussr
летчик герой советского союза,7979, pilot ussr
имена героев советского союза,7927, names of hero ussr
будучи +в советском союзе,7731, was in ussr
войны великого советского союза,7055, great soldiers ussr
великая отечественная война советского союза,7003, great fatherland war ussr
+мой адрес советский союз,6948, postal adress ussr
герой советского союза войны,6559, hero ussr
советский союз ссср,6434, ussr
фильм служу советскому союзу,6202, film ussr
песни советского союза,5979, songs ussr
союз советских социалистических,5929, ussr
союз советских военных,5803, ussr soldiers
звания советского союза,5774, names ussr
советский союз,2012,ussr
служу советскому союзу, 2012,on duty ussr
служу советскому союзу фильм ,2012,on duty ussr
фильм советский союз ,2012,film ussr
великие герои советского союза,5507, great hero ussr
звание героя советского союза,5462, name of hero ussr
скачать советский союз,5385, download ussr
герои советского союза великой отечественной,5384, hero great fatherland war ussr
гимн советского союза,5297, gymnastics ussr
союз советских социалистических республик,5284, ussr
герои советского союза отечественной войны,5281, hero ussr
герои советского союза великой отечественной войны,5193, hero ussr fatherland war
советский союз время,4771, ussr time
школы советского союза,4339, ussr schools
советский союз улица,4074, ussr street
история советского союза,3737, ussr history
летчик дважды герой советского союза,3731, ussr pilot
отечественная война +в советском союзе,3687, fatherland war ussr
героями советского союза стали,3453, hero ussr was
герой советского союза стал,3452, hero ussr
советский союз фото,3329, ussr pics
лучшие фильмы советского союза,3200, best films ussr
советский союз ,1945,ussr
